x,y
110000,11000000
200000,8000000
100000,3000000
245000,22000000
3900000,9000000
379000,4358000
558000,900000
672000,10000650
200000,2000000
439000,2281000
325000,2500000
609000,3202000
1500000,165049
1300000,5273000
1488000,184925485
2000000,4000000
1644000,4000000
1500000,9000000
2777000,33754967
3900000,390525192
2000000,9172000
1288000,6000000
2280000,83320000
858000,268000000
134000,8000000
1039000,10462500
2627000,5363000
2361000,3500000
5200000,2000000
2160000,9132000
1250000,11000000
1500000,7000000
3180000,9576159
2000000,24464742
2100000,23600000
6000000,20400000
2000000,7800000
3700000,2956000
3000000,9012000
1600000,5400000
1000000,7800000
2900000,263591415
3768785,8000000
8250000,30022000
1200000,7000000
1800000,8000000
2300000,11000000
730000,8000000
4000000,36000000
2540000,7200000
1250000,2500000
4000000,87400000
1650000,30500000
210000,5000000
5000000,36000000
658000,23800000
5000000,15000000
910000,9600000
5000000,28200000
1200000,7000000
6000000,12500000
4500000,10400000
4000000,14400000
1000000,9000000
3380000,3220
13500000,80000000
6000000,42000000
500000,271736
1200000,2000000
5000000,11014685
3000000,33300000
3000000,17570324
5000000,11000000
3500000,12800000
2883848,25000000
15000000,73000000
4000000,21750000
3000000,24600000
3000000,10400000
12000000,60000000
12000000,7900000
4000000,8200000
3000000,10000000
2900000,5000000
2000000,7600000
6000000,43700000
3200000,8000000
2000000,9250000
10000000,50100000
19000000,13680000
4500000,3500000
15000000,69995385
2000000,13129846
17000000,10000000
2686000,6600000
2500000,10000000
1000000,37600000
9400000,60000000
1000000,59567035
4000000,11744471
42000000,71000000
19000000,4750000
1800000,9164370
2000000,78900000
6000000,102300000
17000000,72070955
560000,1597233
3000000,124900000
8200000,286214286
20000000,15473333
5800000,6800000
3800000,14873
11000000,111859493
9000000,141200000
3500000,12000000
3000000,13000000
15000000,34562222
3900000,28350000
3500000,13007551
200000,3500000
2000000,24391108
12000000,41744718
9500000,111600000
600000,4300000
1200000,6100000
1455000,2620000
114000,30000000
10500000,68700000
1800000,6800000
747000,44566
5800000,33395426
10000000,37402877
3200000,33395426
20000000,8000000
3600000,44785053
5000000,5321508
6000000,509424
200000,25000000
20000000,31678778
6000000,102308900
24000000,33208099
8000000,82000000
4000000,6000000
22000000,5000000
12000000,62500000
11000000,2200000
3500000,81600000
1000000,9000000
600000,34505110
3716946,5000000
3000000,17489009
18000000,24911670
25000000,29548291
9000000,80500000
6500000,12376563
2500000,12300000
150000,15200000
3000000,4000000
2200000,41158757
7200000,116000000
1700000,9700000
7000000,268500000
3500000,12600000
25000,45000000
87000,3100000
2000000,18016290
1800000,8800000
4638783,11000000
7000000,161800000
5500000,15700000
777000,140000000
2000000,18344729
5500000,159616327
12000000,400214478
2600000,119500000
7000000,26533200
1600000,4420000
140000,26572439
13000000,57300000
500000,31559560
2800000,86300000
14000000,139700000
4000000,15000000
7000000,97600000
11000000,20169934
5000000,41833347
12000000,470700000
1200000,140556781
400000,5028948
3000000,20123742
4400000,108981275
7000000,25000000
3800000,23689877
1200000,887000
4400000,36145695
2800000,48570885
1000000,28316211
3000000,13200000
5000000,8000000
1800000,25878153
1000000,225000000
23000000,90614445
500000,17000000
100000,7012524
10000000,36000000
4000000,38251425
7000000,1000000
11000000,786598007
26000000,50800000
14000000,25011000
14000000,13800000
21600000,12000000
14000000,185400000
600000,20000000
20000000,337700000
3400000,31063038
14000000,1000000
12000000,19000000
3000000,32653000
11000000,20388920
20000000,208900376
6000000,387513770
15000000,98800000
3000000,141600000
3000000,3660880
325000,70000000
24000000,13000000
55000000,300200000
5000000,7100000
15000000,50000000
6000000,391942
1500000,55000000
12500000,7000000
9000000,203630630
12000000,22673340
8000000,76657000
8000000,43000000
31000000,210300000
170000,14000
8500000,29200000
35000000,139000000
31500000,81250488
4000000,20008693
2700000,37799643
16000000,8400000
32000000,94875000
20000000,35841901
35000000,1500000
6500000,31899000
3500000,8000000
350000,10000000
1000000,21378361
40000000,7000000
5100000,9709597
5000000,26010864
200000,99750000
3500000,83453539
35000000,27107960
10000000,15198912
400000,89134
23000000,534171960
19000000,44391156
5500000,4865000
22000000,15716828
27000000,57229890
20000000,2000000
4500000,47923795
15000000,67182787
6000000,39846344
550000,59754601
6000000,52302978
100000,287000
15000000,69847348
18000000,23380203
44000000,3484523
20000000,49823037
17000000,2110050
250000,23894000
12000000,44200000
33500000,50000000
1250000,21722776
18000000,13400000
6500000,42488161
12000000,37400000
54000000,108185706
28000000,195300000
18000000,6000000
10000000,85300000
9300000,19571091
18000000,13747234
20000000,18826490
3000000,5732587
14000000,35856053
5000000,25032000
5500000,57467731
5000000,19600000
1000000,17985000
6000000,25244700
2500000,25533818
10000000,11400000
12000000,2104164
20000000,389925971
15000000,44400000
11000000,31672000
10000000,6000000
8000000,24474312
13500000,6118683
12500000,21000000
5000000,12592907
5000000,20659423
4000000,109492484
12000000,95800000
10700000,121706019
20000000,79114085
2000000,24600832
21000000,45785720
28000000,33139618
18000000,5675599
20500000,69701637
22000000,127767889
16000000,53977250
4500000,27092880
2250000,36690067
5000000,10751126
3250000,6965361
5000000,3707583
17000000,26918576
46000000,4408636
12000000,84970337
8000000,20036244
14000000,125212904
2500000,14400000
10500000,792965326
1200000,255000
12500000,20959585
15000000,177200000
400000,126387
10100000,10143618
12000000,74433837
10000000,25697647
5952000,2120439
7000000,201463574
5000000,12232628
375000,29400000
32500000,572705079
39000000,59950623
10000000,29500000
36000000,160000000
15000000,61400000
7000000,1246141
1305000,909000
25000000,44942821
15000000,8921050
27500000,187500000
27000000,21500000
10000000,20766000
8000000,589308
12000000,39012241
3250000,20605209
30000000,5564014
18000000,87000000
1500000,2300000
8200000,80000000
9000000,13075390
4500000,81198894
2600000,32980880
550000,5269990
15000000,316300000
28000000,333080271
8000000,90815558
18000000,26400000
27000000,21300000
30000000,295212467
11000000,148168459
25000000,5778353
1250000,4700000
8000000,62599495
7500000,5142858
1800000,25504513
18000000,51973029
10000000,8801940
6400000,78019031
15000000,15136870
48000000,25928721
45000000,27447471
27500000,27187653
3000000,21163999
1500000,2730877
19000000,385524862
1300000,210904
10000000,33000000
2200000,21930418
10000000,35073978
18000000,19739000
44000000,300400000
30000000,152627960
2000000,1663296
27000000,10618813
25000000,11603545
17900000,6905861
6900000,41410568
3500000,34004262
12000000,65532576
4000000,14237880
10000000,17536256
26000000,33200000
10000000,36230219
3000000,11052713
7000000,10803211
20000000,18400000
31000000,258210860
15000000,93589701
15000000,9930649
40000000,6341825
25000000,11100000
30000000,16295774
3000000,19472057
15000000,1953732
18000000,6734844
35000000,2000000
5000000,12947763
25000000,23506237
4500000,1500000
18000000,1305114
15000000,356800601
12000000,4984663
40000000,49851591
16000000,12900000
3000000,20966644
17000000,183316455
8000000,52287414
175000,7137502
4700000,8025872
17000000,2315000
8800000,328203506
18000000,41382841
10000000,52293000
24000000,133000000
12000000,79817937
30000000,38747385
6000000,137963328
2000000,7369373
2600000,3147950
350000,4000000
100000,5228617
10000000,3000000
3500000,14000000
16000000,14792779
5000000,44793222
25000000,76270454
3500000,5923044
4000000,800000
1100000,1355728
40000000,14375181
20000000,276665036
15000000,120192350
29000000,25899797
22700000,38119483
23000000,15728335
13000000,53424681
17000000,11227824
6500000,54215416
40000000,191200000
8500000,32222567
1900000,4600000
14000000,320100000
1000000,14564000
15000000,30857000
16500000,43848100
30000000,38122000
25000000,43988888
3000000,7888000
15000000,167780960
18000000,98267558
13000000,123922370
25000000,16118077
5000000,17768757
4000000,3468572
6200000,9205924
1500000,11806119
18000000,151668774
15000000,73326666
4000000,354704
4000000,13000000
4700000,1705139
2800000,19170001
58000000,188715611
14000000,239606210
70000000,351500000
28000000,139109346
30000000,81613606
3000000,7282851
13000000,49369899
9000000,44196684
16000000,13854000
15000000,216600000
9500000,14114000
6000000,12793213
12300000,81972846
32000000,59450353
7000000,20257000
6000000,14545844
13000000,44726644
7000000,8373585
25000000,412800000
14000000,34700000
15000000,10763469
16400000,239500000
10000000,40485039
18000000,7190505
1200000,36741667
11500000,57469179
10000000,30050028
48000000,474171806
35000000,411348924
6000000,26004026
11000000,49793054
42000000,156167015
16000000,92961960
5000000,6157157
5000000,14343976
1500000,14533681
9000000,10176701
30000000,70200000
70000000,54243125
19000000,58571513
30000000,45892212
6000000,11642254
6000000,22168359
30000000,95857262
40000000,332000000
18000000,26593580
7500000,106593296
20000000,10555348
14000000,70001698
140000,6706368
55000000,63408614
1600000,419428
65000000,261400000
10000000,16667084
30000000,200500000
7700000,882290
70000000,239814025
10000000,16153000
430000,2938000
14000000,432645872
13500000,202000000
3000000,15000000
40000000,244088654
50000000,41476097
47000000,162738726
60000000,157670733
20000000,53976987
22000000,517600000
31000000,53208180
19000000,424200000
13000000,34166572
25000000,46777347
7000000,4372561
26000000,61308153
20000000,21413105
4200000,5835247
49000000,20423389
15000000,476684675
35000000,54768418
26000000,202000000
54000000,66520529
11000000,2000000
8000000,2275557
500000,55000
450000,2712293
40000000,34416893
8500000,15024232
35000,321952
23000,1227508
35000000,14471440
14000000,34729091
100000000,513815401
20000000,275726716
25000000,78656813
25000000,9286314
65000000,17218916
27000000,96900000
50000000,390500000
23000000,86930411
20000000,37537675
7000000,5017971
23000000,7018525
6000000,773490
16000000,29090445
5000000,34872033
24000000,41798224
2500000,6401336
7000000,8824553
5000000,19438638
9000000,349618
70000000,300854823
20000000,451329842
35000000,182291969
30000000,191502246
16500000,58011485
24000000,83531958
6500000,56200634
40000000,205400000
30000000,74787599
11000000,81204830
7000000,5430822
42000000,131052444
40000000,132440066
42000000,66787173
10000000,50752337
20000000,183097323
35000000,4651977
40000000,14358033
11000000,52929168
8000000,26199377
5000000,1526697
45000000,178100000
35000000,319700000
55000000,158500000
10000000,32100816
80000000,266824291
40000000,44948240
14400000,159157447
11000000,21171695
55000000,149022650
7000000,14231669
5000000,1050861
40000000,75505856
12500000,10725228
8000000,28876702
1200000,2832029
28000000,504050219
33000000,236500000
12000000,27281507
40000000,215862692
35000000,48169910
20000000,358994850
25000000,410900000
4000000,62546695
35000000,28391473
2000000,21000
1800000,673
14000000,155056263
800000,1001437
32000000,36299670
15000000,52189039
6500000,24103594
11000000,21502976
7000,2041928
12000000,46730578
21000000,42273609
35000000,4496583
15000000,9579068
13000000,27979399
22000000,10696210
15000000,63954968
13000000,1152117
3500000,27731527
65000000,255000000
42000000,20844907
44000000,353715317
85000000,137298489
42000000,270340892
8000000,22549338
28000000,39360491
20000000,153698625
14000000,27450453
25000000,10731997
3000000,15935068
6000000,3273588
15000000,39100956
34000000,32014993
6900000,7950889
3000000,3902679
12500000,12309980
63000000,1038812584
25000000,441286003
19000000,2119994
14600000,70906973
3000000,242623
7000000,40157856
25000000,321365567
45000000,187995859
26000000,201324422
25000000,56505065
11000000,9170214
22000000,25842377
50000000,16581575
40000000,31835600
50000000,38590458
10000000,18423914
40000000,24172899
62000000,207500000
30000000,51041856
12000000,107217396
10000000,3275585
45000000,112006296
13000000,7881335
8000000,8864699
9000000,4333569
14000000,13024170
50000000,119180938
45000000,358500000
20000000,11744960
55000000,679850637
79300000,987480140
70000000,131011757
63000000,25052000
45000000,57362581
100000000,365300000
45000000,117615211
18000000,351620129
10000000,126247
1500000,418953
4500000,242895809
55000000,212200000
28000000,102053581
25000000,28307092
1500000,5046118
45000000,94215000
18000000,5828466
30000000,283200000
8000000,212928762
8000000,18090181
700000,11768371
27000,3894240
20000000,13383747
55000000,196565669
40000000,14938149
20000000,305070
50000000,223564608
22000000,189800000
5000000,5438120
38000000,120000000
16000000,45284974
10000000,29317886
16000000,246400000
40000000,38087756
15000000,50003303
35000000,99423000
30000000,160502573
27000000,44342956
10500000,125169
25000000,4064333
13700000,56598476
15000000,529766
12000000,21089146
26000000,13738574
2500000,5683371
22000000,175516617
4000000,7555256
50000000,26097497
20000000,22119269
14000000,2461628
30000000,246100000
30000000,23998226
40000000,14942422
3500000,27936778
90000000,366101666
72000000,209045522
6000000,11784569
55000000,282300000
50000000,83306268
100000000,336529144
250000,2477155
85000000,113487912
65000000,334100000
28000000,31390587
25000000,22032635
23000000,141247413
75000000,127361412
35000000,113354449
60000000,104324083
45000000,35627222
1500000,20412216
175000000,264246220
22000000,110521733
6000000,34449356
20000000,122133227
24000000,669276
7000000,25532388
50000000,152022333
50000,10426506
40000000,37750754
30000000,328125643
20000000,27688744
5000000,15126948
32000000,18552460
50000000,67823573
55000000,347100000
30000000,212400000
50000000,10359006
50000000,9812870
30250000,115021008
6100000,2108367
20000000,32051917
14000000,19637147
4000000,49800000
16500000,134993774
62000000,107822813
60000000,356429941
68000000,77224232
52000000,110400000
30000000,364545516
55000000,159387195
11000000,2794056
11000000,2844379
65000000,262758310
58000000,87100000
45000000,34668249
92000000,18517322
4000000,4301000
29000000,168841459
31000000,106282604
18000000,4100000
11000000,83088295
9200000,4199334
60000000,100645801
10000,527
14500000,147542381
12500000,1412799
20000000,25732986
44000000,22730924
38000000,10229300
75000000,817400878
55000000,60209334
5900000,37831658
40000000,20278055
10000000,41004412
5000000,407488
47000000,12900000
18000000,2483790
7500000,36238752
8000000,34873513
15000000,55669466
8000000,5656388
55000000,122079192
12000000,4880941
7000000,16149180
39000000,37956589
45000000,36404841
10000000,3357324
4500000,7011317
2500000,34557416
35000000,1320043
25000000,10039566
13000000,2104439
32000000,152036382
25530000,30593313
80000000,457697994
18000000,26936265
57000000,104364680
32000000,4357406
9000000,36049108
80000000,158908290
20000000,34600000
47000000,102825796
100000000,234400000
100000000,325500000
5000000,12961389
55000000,273814019
50000000,113309743
75000000,336069511
45000000,17220599
45000000,20133326
1000000,1615787
30000000,19892205
3100000,71558971
40000000,152266007
25000000,32223424
25000000,36682170
2000000,304602
7000000,51204567
70000000,308700000
55000000,18582965
45000000,75854588
19000000,1353824
40000000,27682712
3500000,13795053
3000000,295493
65000000,148345997
50000000,25426861
45000000,58617334
3000000,2962051
25000000,51702929
67000000,18115927
30000000,181489203
300000,2525984
38000000,17378193
4500000,13417292
88000000,495700000
800000,5034794
13000000,26570048
2400000,5691854
44000000,165600852
200000,6618578
14000000,15171475
65000000,33447612
55000000,38564422
25000000,27572844
1300000,749741
80000000,250200000
42000000,41267469
35000000,231711151
4833610,34175000
60000000,129832389
46000000,150000000
5500000,36665191
20000000,26792700
46000000,100833145
7000000,98754000
80000000,101371017
50000000,274000000
36000000,13052741
23000000,12803305
21500000,22331846
15000000,173046663
12000000,63118386
55000000,151947179
18000000,7129670
15000000,76382
90000000,587790539
3000000,27788649
25000,2883661
5000000,353480
8000000,590817
45000000,2154540
4000000,2922988
36000000,50159144
35000000,6448817
18000000,67683989
50000000,50068310
26000000,1083350
35000000,65303052
35000000,2221994
3000000,4109095
27000000,60527873
10000000,12554569
45000000,302710615
20000000,35450113
90000000,140900000
32000000,3588602
250000,743216
90000000,169400000
250000,15155095
42000000,4408420
3000000,4002884
90000000,120100000
300000,42735
10000000,225933435
75000000,618638999
80000000,224117573
12000000,14010363
110000000,150468000
70000000,250700000
2700000,15600000
125000000,238317814
46000000,298923419
4000000,12836
1000000,542909
80000000,241200000
115000000,178200000
100000000,121100000
50000000,10561038
5000000,14843425
55000000,174463257
25000000,64594061
85000000,315268353
40000000,87949859
80000000,142783718
70000000,131445884
3500000,257938649
60000000,26673242
16000000,1686429
15000000,63706632
50000000,48169156
25000000,41076865
450000,450349
26000000,5000
95000000,263900000
85000000,35681080
35000000,126204977
35000000,83226569
50000000,62967368
18000000,16011975
7500000,43492389
60000000,33956608
55000000,11532774
15000000,43111725
5000000,7951247
57000000,153007424
17000000,125250091
36000000,12532777
38000000,6504442
12000000,220175
45000000,136998907
15000000,31070412
12000,413802
90000000,165900000
28000000,8165213
60000000,159356941
53000000,139801290
20000000,13801755
40000000,45916769
35000000,25078937
30000000,51327406
80000000,177993801
60000000,160700000
50000000,80369970
40000000,58250151
24000000,101363301
20000000,10686841
5000000,21277770
200000000,2207615668
110000000,339504276
38000000,61894591
50000000,314111923
80000000,20841123
28000000,5686694
15000000,64252038
12000000,74727492
12500000,1612957
25000000,22411948
4000000,302204
2300000,574838
140000000,554600000
70000000,19870567
8000000,17394881
2650000,16556
25000000,56042592
45000000,11203026
5000000,2080693
80000000,71485043
60000000,152457863
17000000,30331165
73000000,50168294
29000000,54045832
500000,367582
68000,33598
27000000,27257061
10000000,45779
80000000,136047317
60000000,32983332
15000000,11156471
10000000,13835130
35000000,56968169
7000000,306715
65000000,39017984
20000000,55576699
11900000,48856
6000000,31716953
27000000,10341093
24000000,4356126
20000000,26146072
5000000,143273
4500000,713413
35000000,10319915
20000000,37226218
6000000,21787233
2000000,72544
15000000,29145924
13000000,27066941
6000000,58809149
1000000,2315026
60000000,264118201
17000000,55041738
60000000,186883563
40000000,38172500
30000000,29203383
2000000,539961
125000000,376000000
18500000,13711903
3500000,10317779
30000000,81529000
30000000,19035741
20000000,15055091
15000000,46189568
4030000,2542264
70000000,116625798
25000000,82150642
23000000,190191646
9000000,4313644
3500000,6451628
90000000,303500000
66000000,189176423
650000,2301777
71500000,294156605
48000000,77562568
2000000,7756617
1500000,2380606
73000000,103891409
1000000,21210
300000,10876
22000000,360099999
65000000,233700000
55000000,1147784
65000000,485035085
15000000,19014238
10000000,30143795
50000000,49105766
26000000,65705772
5000000,23047939
80000000,349464664
13000000,8064972
60000000,48585416
20000000,37672944
10000000,244465
5000000,5502773
45000000,131237688
14000000,15064948
1000000,3465703
13000000,16757163
250000,203134
19000000,8123860
60000000,12069719
1300000,1647780
1000000,1087521
100000,6121582
35000000,245300000
30000000,26708196
2000000,134624
55000000,70692101
14000000,72571864
8000000,2256606
1000000,22434
55000000,198750909
140000000,285400000
40000000,71743823
68000,4678513
60000000,68336997
53000000,22852487
25000000,50692188
3000000,5746453
75000000,14623082
1000000,627287
20000000,20268825
12000000,12905901
10000000,6719864
25000000,780326
20000000,18310591
12000000,22921898
300000,373615
250000,8969065
70000000,117800000
50000000,34645374
26000000,279500000
17000000,16316273
10000000,19080435
85000000,44650003
24000000,40020622
85000000,250649836
45000000,363095319
28000000,140894685
12000000,6200000
3000000,55193251
2900000,17006158
80000000,69131860
15000000,10513979
10000000,21094974
80000000,164800000
13000000,10020081
10000000,25358996
8000000,146083
65000000,250800000
60000000,218613188
52000000,97709034
80000000,50632037
60000000,56709981
50000000,202173000
50000000,159745279
15000000,40283321
10000000,5045359
34000000,11263966
7000000,7824358
48000000,107752036
28000000,8891623
17000000,11634458
8000000,22591451
1700000,2891228
75000000,30626690
40000000,22365133
30000000,12017369
16000000,54294169
1600000,2627795
30000000,4967493
180000,1628579
10000000,63465522
40000000,28544120
6000,240495
22000000,19288130
600000,85343
10000000,12179708
3000000,3076820
40000000,96398826
6000000,6852450
66000,602920
23000000,10660147
12000000,2062406
1000000,5494
60000000,35319689
14000000,4741987
5000000,19421271
4000000,64359
65000000,463517383
13000000,60414025
55000000,34105207
8300000,2598224
5000000,99147
50000000,31333917
13000000,6276869
3000000,101773
75000000,73521587
33000000,8408835
20700000,2840417
14000000,6552255
8500000,17202854
66000000,211700000
15000000,4023741
2000000,1152411
50000000,161626121
6000000,4398989
30000000,176885658
11000000,75803716
1350000,28356188
68000000,60265197
48000000,151463090
21000000,36882378
14000000,14395874
115000000,1027044677
15000000,8322608
375000,617172
42000000,363728226
16000000,11810854
4000000,399793
68000000,33462011
48000000,124304264
40000000,672806292
10000000,836641
145000000,448191819
60000000,149705852
10700000,31341183
1750000,22879194
30000000,228641283
175000000,221229335
21000000,52037603
80000000,416385488
24000000,16304786
600000,248300000
65000000,104267443
27000000,31770413
6000000,25059640
4000000,34145
80000000,180188905
75000000,97387965
10000000,10571408
60000000,165048228
70000000,310138178
500000,1027228
250000,20628
64000000,63200000
14000000,30628981
10000000,6030047
2000000,20741000
700000,10508
32000000,2899970
55000000,98699769
25000000,11115766
16000000,5825314
40000000,53864342
40000000,10717421
7000000,15471229
125000000,61698899
34000000,10672566
22000000,9818792
15000000,11614954
7000000,2165637
5700000,69582
6500000,28383441
1600000,6026908
21500000,24419219
12000000,234723148
15000000,356258047
50000000,46112640
36000000,117448157
12000000,178287
3500000,9871
250000,178095
40000000,177835231
28700000,4559569
18000000,229311
15000000,4956401
35000000,310332636
32000000,89441732
12000000,21133087
4000000,2793776
30000000,163644662
13000000,5871603
60000000,290701374
18000000,92935067
11900000,81897
65000000,100851897
50000000,27100030
10000000,6197866
7200000,12678312
32000000,16640210
21000000,17396
20000000,10570375
15000000,1954202
9000000,34572780
6500000,10155691
500000,2047570
20000000,150350000
19000000,65090541
13000000,32382381
3250000,7680
10000000,10019109
135000000,361730660
90000000,511358276
70000000,207068340
100000000,212026975
35000000,630779
27000000,4485485
312000,1788168
60000000,36850101
35000000,26613620
30000000,52880016
4500000,5428387
40000000,13508635
30000000,11578022
21000000,17760244
13000000,27151490
10000000,15164492
3000000,9017070
50000000,14271297
23000000,18653615
15000000,1970268
10000000,43948865
105000000,298815224
90000000,87420776
75000000,39251128
37000000,48446802
20000000,6201757
24000000,28871190
60000000,100230832
52000000,47407635
45000000,90523726
40000000,128792135
36000000,14378353
25000000,13038660
24000000,8427204
27000,8231
38000000,73956241
80000000,60507228
4000000,9821335
15000000,12801190
3000000,4142507
1000000,1425707
60000000,14816494
25000,195043
9000000,20035310
7000000,411874
36000000,2954405
15000000,18260865
4000000,185577
33000000,173559438
40000000,51867723
24000000,85527867
23000000,53182088
9000000,28773637
35000000,33422485
36000000,23360779
50000000,6291602
25000000,24355762
16000000,15980376
2000000,10672492
90000000,259736090
60000000,39235486
50000000,257805243
23000000,112036870
25000000,91036760
15000000,10845127
15000000,8735529
95000000,65700000
20000000,47881663
15000000,35007180
40000000,161838076
10000000,1638202
90000000,191200000
65000000,128874043
45000000,113916474
4000000,27786849
4000000,267972
43000000,62063972
29000000,45336404
8000000,28674417
3000000,30438635
3500000,886410
62000000,127630030
15000000,27709625
14000000,12591270
6000000,10619770
58000000,59431365
31000000,68079671
15000000,40862054
10000000,5241315
103000000,457683805
34000000,14291999
7000000,18642318
3300000,5422740
1300000,609042
1000000,428535
127500000,356148063
18000000,29934477
16000000,119739110
120000000,549588516
55000000,71189835
2000000,121807
55000000,304599899
40000000,19417182
10000000,2373937
5000000,16628751
4500000,7389233
80000000,9103630
75000000,36751979
53012938,107190108
16000000,21799652
2500000,1687548
42000000,227793915
51000000,149270999
150000,110719
110000000,215300000
120000000,328711434
76000000,35129610
60000000,71719931
24000000,32662299
24000000,12372410
65000000,69688384
19000000,277200000
1200000,2509344
75000000,296339717
250000,1157672
15000000,5217498
90000000,288693989
30000000,133946923
20000000,18250106
19000000,15911332
84000000,166307945
33000000,47267829
24000000,27732366
9000000,13061935
2500000,9598
1000000,1179462
75000000,213500000
65000000,62761005
35000000,33771965
15000000,213514672
10000000,83593107
35000000,85911226
3000000,38236338
1000000,10037390
40000000,30199105
23000000,13019253
10000000,90453550
40000,277233
103300000,232643008
500000,1167524
60000000,47371191
35000000,15471969
16000000,6615452
225000,1032075
15000000,38574362
12500000,45557491
8000000,10192613
1000000,12996
6000000,20695413
30000000,136706683
9000000,3134509
1000000,2022442
90000000,106000000
38000000,58394308
800000,371647
300000,2652515
80000000,58270391
80000000,33463969
32000000,82339483
1200000,10827356
28000000,31320293
11000000,13719474
9000000,17804273
5000000,109273197
3000000,39852
48000000,90376224
40000000,55696705
20000000,2282710
2000000,11546543
65000000,10014234
22000000,13555988
15000000,47721314
5250000,20097
42000,342722
600000,173599
50000000,39778599
20000000,96147688
13000000,62452927
200000,1161843
50000000,50054511
40000000,90717684
40000000,40435694
10000000,1953882
6800000,927107
123000000,345141403
82000000,96024898
35000000,53425292
30000000,103284813
85000000,66941559
73243106,248099143
13500000,11732088
9500000,59675307
7000000,35795319
80000000,29725663
18000000,21361109
12000000,6982680
8000000,4714090
2000000,2419669
100000000,169296573
65000000,374105123
25000000,152500343
13000000,73180297
6000000,10557291
43000000,80013623
10000000,44567606
85000000,427230516
80000000,66554547
60000000,124715863
45000000,213420951
45000000,18120267
28000000,33000377
26000000,75763814
10000000,5149131
4000000,75078
48000000,208300000
13000000,1375635
8000000,8279017
30000000,38462071
22000000,55762229
45000000,29406132
28000000,94728529
18500000,4221341
14000000,10397365
10000000,20384136
40000000,145238250
16000000,43057552
13500000,892506
13000000,3058380
115000000,559757719
53000000,54207112
49000000,72689126
10350000,174201661
500000,7890
40000000,65754228
30000000,71172251
10000000,44451470
75000000,5409517
62000000,18708848
90000000,347425832
30000000,165334774
26000000,16521410
85000000,96971293
33000000,79958599
5000000,39723096
250000,1366235
50000,2335352
38000000,57753825
25000000,5516708
6000000,27958191
35000000,197692062
23000000,38684906
18000000,27491653
11000000,13558739
2000000,20883834
98000000,435040395
2000000,76654
60000000,200700000
45000000,141189101
25000000,281527158
25000000,39393111
15000000,14249005
105000000,10364769
72000000,54616869
8000000,19585
5000000,6755271
45000000,104505362
28000000,77477297
23000000,21973182
12000000,17292381
53000000,179209685
50000000,491812794
38000000,29544532
151500000,449239855
40000000,16172200
30000000,83282296
28000000,105159085
3000000,68452128
1000000,852206
25000000,36833473
10000,94596
4300000,10158355
94000000,273330185
1800000,3050934
72000000,176101721
38000000,206512310
16000000,28734552
90000000,235900000
13000000,19929123
3500000,3293258
40000000,27053815
38000000,19317765
14000000,4288246
13000000,22391450
700000,1140965
85000000,450728529
6000000,1290920
1000000,2684207
68000000,113542091
18000000,141809235
5000000,5476060
2100000,1381824
93000000,365900000
46000000,160648493
12000000,450594
6000000,3747270
5500000,8761608
100000000,362211740
400000,44452
90000000,186049020
80000000,147080413
80000000,98341932
3000000,9981635
15000000,11919578
48000000,50315140
57000000,62097495
48000000,86607223
35000000,13601109
6500000,64148
1000000,113433
28000000,8434601
26000000,18496522
22000000,33762400
17000000,19693891
13000000,5002310
10000000,58939035
5000000,16017403
1000000,17127
87000000,350100280
22000000,25873142
42000000,56331864
12000000,622273
10000000,19860259
10000,673780
40000000,70836296
35000000,28906817
100000,1358
22000000,22861785
21000000,43728560
22000000,6047691
8500000,4273372
50000000,104488383
31000000,30885781
28000000,60780981
2000000,1075504
70000000,13596911
30000000,286500000
17000000,207765056
1500000,1619602
60000000,20541668
47000000,29781453
35000000,68712365
10000000,8378853
19000000,68467960
18000000,23889158
10000000,4690802
10000000,226792
4500000,7503672
22000000,14252830
16000000,30987695
7000000,23393939
41000000,100622586
137000000,85131830
4000000,10097096
125000000,974755371
6000000,2522928
90000000,143049560
35000000,33422806
11000000,14786394
1000000,3575308
1700000,42137871
40000000,58855732
38000000,623374
30000000,17865209
24000000,29823162
13000000,122244329
75000000,71523271
11000000,25116103
70000000,202726605
28000000,71430876
15000000,62401343
7000000,4720371
5500000,15155021
109000000,887210985
78000000,317668058
72000000,37306334
38000000,24515990
25000000,102992536
12000000,31222395
109000000,87683966
48000000,70937778
35000000,24405825
18000000,41300105
4000000,43766463
95000000,159691085
22000000,92542418
7500000,10834406
13000000,8130727
11000000,4814244
500000,1250798
70000000,114658262
17000000,95092667
160000,32092
70000000,60279822
65000000,172825854
32000000,116898028
42000000,56438555
40000000,75389090
15000000,1405032
11000000,46060915
10000000,17033556
70702619,408269295
16000000,40363530
3000000,19184820
2000000,3438804
70000000,33076815
36000000,102226631
20000000,109862682
12000000,57000000
12000000,2326407
1200000,23046142
60000000,82150183
60000000,30063805
35000000,30307804
4500000,92723
1200000,27025600
1100000,247740
139000000,821706375
16000000,14839383
10000000,6244618
140000000,441767803
30000000,62432423
25000000,16425701
1500000,9345061
85000000,78948765
65000000,386116343
35000000,103787401
5000000,33649881
54000000,154338601
12000000,12516222
1500000,119841
50000000,8374062
48000000,196308367
26000000,38788828
22000000,80491516
40000000,7974607
78000000,206455420
14000000,25608779
12000000,4606284
60000000,165890634
50000000,56643267
5000000,374890034
1500000,12412889
40000000,14448589
18000000,676698
14000000,16951798
400000,1600566
45000000,8488871
42000000,63781100
6000000,39241323
6000000,4316497
115000000,656695615
27000000,130759651
5500000,56653
1500000,1840248
15000000,8378141
80000000,106515310
46000000,113622499
38000000,50970660
3000000,3705923
2100000,313436
68000000,193500000
25000000,40796145
40000000,22433915
10000000,34364995
35000000,16830252
60000000,54994757
20000000,5345869
18500000,32531759
3500000,18495444
115000000,77628265
84000000,276294164
60000000,214357371
12000000,1779284
102000000,358824714
80000000,245800000
15600000,13771817
5600000,3281898
50000000,171269535
10000000,13684949
250000,4613482
70000000,69157016
27000000,73826768
38000000,119721296
8000000,16585503
30000000,36722311
120000000,166000000
90000000,65716126
300000,2066892
150000,3270128
63000000,292738626
20000000,16988996
85000000,78353508
70000000,25852508
15000000,52461017
80000000,98983590
14000000,25873145
7500000,4239767
50000000,119114494
41000000,245768384
13500000,29027914
100000000,7094995
30000000,51618420
25000000,14805812
12000000,52223306
29000000,20146150
20000000,12398628
40000000,13208023
70000000,267200000
50000000,26199517
800000,881950
25000000,13973532
12000000,77063461
9000000,4777465
7500000,206400
70000000,14294842
55000000,1807990
35000000,29882645
30000000,6916869
19000000,274949886
10000000,38067218
8000000,42376425
4000000,9413956
60000000,104429625
38000000,182365114
21000000,6830957
15300000,7000000
950000,814666
13000000,28972187
200000,174682
200000,162605
48000000,248218486
27000000,5204007
25000000,12219367
7000000,2703821
3000000,7777790
20000000,68349884
15000000,22723
12000000,56131239
9000000,184255
5000000,79282312
825000,1500711
18000000,43308707
25000000,24591031
21000000,43928932
16000000,21657770
15000000,19344615
15000000,12419700
10000000,598645
8000000,28315272
4000000,11799060
3000000,58240487
100000000,878979634
25000000,19233280
15500000,1693000
1800000,5719000
750000,47329
350000,9118
142000000,431942139
20000000,26348203
12500000,16193713
10000000,33526835
100000000,91800000
47000000,14970038
40000000,12624471
17000000,16140842
7000000,16866928
45000000,66790248
43000000,63078756
11000000,19947280
80000000,183354514
15000000,37659652
12500000,33436931
500000,308793
60000000,67312826
55000000,163838217
30000000,107054484
20000000,56398162
1000000,703
94000000,934699645
12500000,23367586
4500000,25344490
97000000,183124621
60000000,199043309
25000000,60694737
7500000,11843260
6000000,267194
52000000,355612291
45000000,31681811
35000000,111854182
30000000,306771047
25000000,97030468
10000000,1562800
4000000,17639
1000000,213137
29000000,33013805
170000000,433058296
55000000,126425115
54000000,7126002
60000000,90723216
20000000,17430594
3300000,32059295
14000000,274299
7000000,47289758
26000000,90396664
11000000,24150550
500000,1111615
30000000,6460758
125000000,407711549
15000000,55534455
10000000,1011054
1000000,475367
60000000,80767884
25000000,125339088
80000000,182782518
20000000,140122225
7000000,719699
1000000,703020
55000000,12923936
50000000,28920188
24000000,86765463
15000000,12262065
25000000,56434942
10000000,1641788
4000000,563711
50000000,55489826
20000000,131945303
5800000,421021
5500000,1060512
2500000,2013052
500000,9470209
103000,16137
55000000,47213095
25000000,58240458
20000000,6882696
4500000,1022649
68000000,75685268
15000000,14933713
5900000,3895664
1200000,58936
85000000,74132631
50000000,42598498
35200000,38283765
800000,2900578
1200000,3700000
36000000,43797731
25000000,35990505
11000000,97837138
3000000,2255000
7800000,24021282
52000000,23010607
9000000,12657377
6000000,18504539
28000000,39134983
20000000,71232214
15000000,34499204
4500000,4556982
28000000,82183683
20000000,5694213
17500000,325491
15000000,12212417
15000000,220944
4000000,3816594
35000000,11559747
17000000,23734486
150000000,427300260
140000000,456810575
18000000,62646763
1100000,81371
150000000,738576929
81000000,484468608
94000000,936429370
60000000,176262839
10000000,28649556
76000000,236410607
5500000,6148823
4300000,39374600
26000000,160822438
75000000,50409753
30000000,26214846
25000000,55443032
7000000,196067
5000000,121016
137000000,245229234
30000000,15358583
12000000,4922166
9000000,454255
120000000,227200000
8000000,82955633
50000000,178890782
50000000,88316835
1750000,634803
75000000,85632458
20000000,164675402
6500000,6173485
5400000,8133256
45000000,247950247
32000000,220236410
130000000,273271982
45000000,163126676
16000000,14108518
10000000,14156753
2000000,37227
7500000,555335
90000000,157092943
86000000,148715342
40000000,167851995
15000000,353743
4000000,146402
70000000,207154748
30000000,156822020
26000000,68613992
25000000,114576403
2000000,8685632
2000000,9505996
41000000,22108977
20000000,1646664
14000000,15549702
1000000,839145
25000000,119923801
5000000,894030
500000,254293
60000000,164285587
5000000,25913869
125000000,634954103
30000000,47902566
22000000,95708457
18000000,13203044
1000000,1492895
85000000,80831893
40000000,10070651
35000000,32738814
18000000,57490024
11000000,4234355
2500000,12267275
19000000,101564935
500000,13134
60000000,121327628
55000000,176469428
17000000,45312217
7000000,13767816
6000000,181798
70000000,123954323
17000000,9438074
9000000,107967319
300000,3571253
12000000,23693646
60000000,11427090
45000000,155200000
35000000,53293628
8000000,524747
3000000,10051516
6000000,3456602
56000000,195660942
7000000,17005466
800000,58163
250000,3809226
78000000,179265204
1900000,1445140
500000,19800
135000000,212912137
80000000,54540662
300000,7808524
109000000,133818283
40000000,141484812
20000000,59667625
90000000,155750628
80000000,26703184
65000000,38253433
18000000,77147031
4000000,11131455
2000000,17403168
5600000,74566042
29000000,97413527
4000000,117085297
2000000,1660865
1500000,30351664
80000000,266685242
55000000,63537164
27000000,1545064
12000000,43281552
94000000,1141403341
65000000,141205169
16500000,16157923
10000000,93074616
1300000,90213
5000000,64240813
100000000,95255485
80000000,165173909
60000000,98819789
40000000,190212113
15000000,3396508
4000000,63180
7000,900
23000000,19123851
75000000,371917043
60000000,102332848
22000000,20034713
3000000,6879730
42000000,173044410
40000000,46176322
10000000,6491969
24000000,16980098
13000000,95638592
2000000,15396525
50000000,6626115
8000000,50811858
850000,865708
500000,1971479
110000000,76482461
60000000,99823958
56000000,47313824
30000000,29356757
10000000,42776032
2000000,11234552
75000000,196320329
39000000,6429865
26000000,14469428
25000000,20718223
15000000,33118854
10400000,1610194
25000000,622341924
50000000,40119848
8500000,7573551
6400000,79384539
5000000,96760
30000000,21577076
20000000,16612072
16000000,11540112
12500000,69826708
6700000,223878
35000000,116177695
12000000,92863945
28000000,103452875
20000000,72703462
20000000,8361736
35000000,77392139
35000000,37066129
25000000,181185387
20000000,5918742
130000000,796688549
55000000,153535982
33000000,54533774
20000000,8047525
60000000,130968579
30000000,96439723
8500000,30298347
3400000,493905
32000000,29948322
30000000,16910708
20000000,14566246
18000000,130953026
17000000,2694071
78000000,108086731
60000000,170200225
92000000,614726752
40000000,35195939
150000000,484161265
9000000,12512317
70000000,937008132
125000000,556319450
50000000,49928680
16000000,14553807
5000000,10206551
10000,1987
28000000,64474705
18000000,65842412
18000000,16959614
15000000,5953886
4000000,10941801
100000,110536
60000000,217670152
30000000,21758371
7500000,1788324
780000,1310470
500000,55518641
400000,1162014
110000000,72004159
75000000,218673959
30000000,167791704
20000000,111448997
6000000,221148959
72000000,62176754
30000000,116025023
15000000,18524496
200000000,783705001
12000000,31286759
170000000,300150546
40000000,21215882
800000,62544
65000,22233808
90000000,203877963
105000000,348629585
19000000,70164105
4600000,3479302
3200000,14441158
100000000,82145379
85000000,288587450
6500000,1033810
2500000,36028802
80000000,96148711
71682975,257641634
55000000,28231444
9000000,18225165
30000000,61950770
15000000,14811980
7000,841926
65000000,132397389
70000000,172543519
20000000,28762690
78000000,43957541
30000000,65121280
500000,1348750
27000000,8712564
25000000,70326393
20000000,9355369
17000000,177535958
10000000,630427
23000000,12291975
12000000,17322212
92000000,23911362
35000000,22913677
30000000,26323969
25000000,31635150
6800000,9533964
25000000,89476265
10000000,9408183
2600000,3292333
70000000,49730854
35000000,41666476
30000000,21827296
1400000,56073
50000000,117211892
40000000,463730
30000000,10419084
5000000,30332385
1000000,227241
50000000,125168734
45000000,61475984
200000,346106
11000000,13353855
170000000,319090241
110000000,362989076
50000000,34806726
2000000,105377
400000,31425
40000000,118097882
20000000,50948811
18000000,14488705
10000000,70527
17000000,109793192
10000000,187281115
5000000,8655397
200000,439651
40000000,124823094
20000000,14603001
1200000,103880027
120000000,107212751
100000000,96221971
50000000,208094550
400000,46122713
45000000,122071435
100000000,331323410
30000000,142051255
5000000,40311842
155000000,167297191
50000000,96469187
7500000,3347647
55000000,69759296
5500000,83529758
40000000,92111551
26000000,28703083
57000000,38329114
50000000,263894551
29000000,24716190
25000000,115036108
11000000,13000959
7000000,7017859
30000000,231928227
110000000,208370892
100000000,212956024
75000000,54344321
75000000,34009180
24000000,8292914
13300000,39686345
10000000,290875
60000000,516567575
55000000,154017885
17500000,36521223
45000000,48563556
10600000,34409206
30000000,18765585
26000000,63489752
40000000,158527918
25000000,41560117
45000000,17492014
5500000,8589831
750000,229250
65000000,56409722
45000000,76665507
30000000,89955540
30000000,36040895
20000000,98114471
425000,12604
25000000,123696741
20000000,8178569
5000000,83356
70000,4930
80000000,6300451
32000000,88978458
25000000,5654777
55000000,53913573
100000000,59918422
75000000,221594911
15000000,33508485
13500000,93631744
50000000,22099706
35000000,25114901
5500000,50458356
88000000,105021488
25000000,13424365
1000000,3553253
50000000,161941727
25000000,25732334
20000000,10468867
1000000,3700
60000000,101382396
35000000,102115888
3500000,96793
3000000,6239723
1500000,1126258
25000000,38351350
20000000,67192859
15000000,47175038
75000000,94944017
56000000,198006880
28500000,15452978
4600000,3099369
72000000,96947540
60000000,310043823
1600000,3264
1500000,58692
18500000,109175673
2000000,466106
2000000,2226603
90000000,162753837
25000000,41921590
25000000,4049527
20000000,375474
15500000,517262
60000000,71073932
45000000,102746214
1400000,1261792
30000,82698
53000000,109848461
12000000,19287485
6800000,49526
5200000,1695126
1100,181041
30000000,197593152
1500000,11191423
45000000,155931301
45000000,55842724
43000000,49037621
27000000,16566235
6500000,11745931
500000,9387581
115000000,848998877
82000000,190320568
75000000,556559566
2500000,1269705
110000000,218853353
35000000,70064800
7303082,101173038
300000,10514
150000000,359142722
10000000,19535005
2000000,9615464
1700000,4727375
50000000,144110682
80000000,131159306
18975000,47751015
3400000,133276359
1700000,661221
700000,4857731
132000000,606836535
10000000,92094360
1800000,1322161
200000,6260
20000000,30491379
7000000,56586901
1125000,18673274
25000000,18991288
5000,1338
150000000,475825484
40000000,283218368
300000,87264
250000,237816
120000000,163018913
35000000,33500620
7000000,20940428
2800000,23591783
250000,191862
138000000,76416746
35000000,83109359
35000000,58405313
145000000,121671925
40000000,50071069
20000000,102034104
87500000,330717080
60000000,49473093
350000,1772979
30000000,3252550
35000000,64188387
26000000,177344230
26000000,96666486
80000000,105299638
30000000,27147991
9000000,1069318
25500000,86301599
30000000,18535575
20000000,10393696
18000000,144529078
200000,44701
40000000,46666955
180000000,720539572
85000000,161510853
20000000,27836366
13900000,177012173
1300000,329621
58000000,100687083
42000000,60437727
25000000,881745
20000000,8284331
4000000,1919197
1000000,15943081
1000000,1549000
65000000,26670920
55000000,214392904
32000000,61477797
30000000,114770654
10000000,17433072
8000000,446438
1600000,129319
1500000,172569
50000000,41982227
39000000,40319440
25000000,15468266
12000000,994790
7000000,49924079
4000000,973613
3000000,4655
110000000,486124090
50000000,69425966
27000000,13174426
24000000,237814327
24000000,1696765
2850000,6435262
400000,423
54000000,50719373
50000000,22969202
25000000,1415656
18000000,37048526
70000000,54612337
32000000,39498360
30000000,23676771
15000000,16829464
7500000,11758418
6500000,2025032
500000,4134
80000000,141475336
20000000,15466961
5000000,152925093
55000000,366784257
20000000,55686944
7000000,25269040
2000000,691880
80000000,260700012
75000000,77636443
12000000,28915761
65000000,58545540
28000000,126549607
22000000,57520063
150000000,896911078
29000000,187707495
50000000,92690959
45000000,72359917
40000000,31670620
22000000,9448623
60000000,10597070
40000000,92256918
30000000,92494381
22000000,45273464
207000000,550517357
15000000,13454474
45000000,32952995
18000000,92357499
140000000,203018919
60000000,135015330
16000000,2814566
75000000,131492772
8000000,19891331
70000000,88933562
30000000,26184400
1100000,29005064
15000000,87973835
10000000,17300838
15000000,909822
2160000,37865
12000000,43924923
5600000,7009668
2700000,31517561
2400000,500296
30000,103509
35000000,46309644
10000000,14321070
45000000,43343247
30000000,42799060
17500000,109843390
45000000,113417762
10000000,11924041
1000000,16553163
40000000,137047376
25000000,128745578
14200000,543306
7900000,3129471
5300000,29197694
4750000,3061763
1600000,145382
52000000,205727307
15000000,11599903
10000000,3260179
15000,195254
400000,2797199
40000000,120455994
20000000,85146165
4200000,33913542
3500000,113783
20000000,28058652
17000000,9729088
10000000,63320521
3000000,11537539
15000000,67215435
45000000,65595141
30000000,30962112
22000000,23134075
12000000,22978953
3000000,12051924
149000000,179357126
18000000,261443242
9400000,87226613
3700000,3355048
50000000,130214162
25000000,55279608
13000000,2898225
7500000,40016662
3000000,95204
50000000,185798265
20000000,23187506
17000000,15680099
2900000,3127472
500000,602789
75000000,651899282
70000000,35417162
17000000,21170563
15250000,12930343
2500000,497195
450000,4243996
4500000,23471871
73000000,162870525
51000000,118583844
8000000,12740705
7000000,57051053
4000000,10770993
2000000,1985292
80000000,99010667
40000000,178710620
950000,8267066
60000000,78080697
50000000,94704227
17000000,16510971
1000000,884
55000000,87524497
20000000,30399714
18000000,77635035
9600000,5256839
8000000,18959424
3000000,11322573
12000,1336
10000,138711
150000000,397501348
30000000,35869934
20000000,5313608
15000000,8224998
14000000,30443277
8000000,973443
9000000,16235738
125000000,767820459
80000000,343397247
8000000,18828036
1000000,52769915
210000000,459359555
7000,71644
25000000,3605420
12000000,196857
5000000,6590172
4800000,82241110
25000000,119295584
90000000,289660619
16000000,50517763
14000000,14121177
10000000,38364855
3000000,252726
85000000,157794205
60000000,147985373
40000000,114830111
32000000,99296462
500000,3177636
82500000,237685089
10000000,32430721
2000000,5361
232000000,374085065
2000000,2077844
1000000,1849392
250000,51540
35000000,326073155
35000000,65063726
30000000,65390493
27000000,55495466
6500000,18110152
3000000,7301115
1300000,1738663
225000000,1066215812
20000000,7405084
1000000,215559
64000000,101636047
54000000,130402010
10000000,241719
5000000,648183
75000000,141267370
75000000,72785169
30000000,60772856
5000000,27342246
200000,7033
8000000,100642353
135000000,163818556
45000000,49610898
4000000,40103262
20000000,38164784
5700000,43044087
2000000,759504
100000000,171377916
85000000,205190324
40000000,121032272
25000000,21970831
33000000,62020814
16500000,83792062
9000000,2548378
8000000,143782
40000000,58501127
17500000,20159316
15000000,12669914
900000,381420
300000,399908
70000000,461651246
10000000,26716191
65000000,163295654
60000000,49238525
30000000,41457834
2800000,475000
60000000,14816379
55000000,9521458
35000000,19282590
18000000,2401413
11000000,85278712
6000000,15137932
3200000,690872
6000000,49155371
85000000,191932158
70000000,94973540
20000000,17807569
100000,10243159
15000000,128885873
80000000,158926474
50000000,71052604
50000000,82751189
25000000,112798051
2000000,12667
60000000,87123569
50000000,128402901
17000000,70355813
35000000,42064105
30000000,53572822
16800000,2281089
11000000,6586324
6000000,119452
2000000,6225304
40000000,20722450
20000000,70743839
20000000,41342180
20000000,13725032
15000000,22165608
13000000,2613717
4700000,239962
350000,84689
53000000,63657941
40000000,104407366
40000000,60862471
15000000,21896367
12000000,8706701
20000000,132121212
14000000,5782198
10000000,163876815
35000000,12506188
20500000,30241435
12000000,110989157
10750000,32575443
3750000,1178175
700000,4911725
450000,1297745
102000000,594420283
85000000,385000317
14000000,20597806
12000000,5549923
4000000,4630045
3700000,13447998
80000000,181038616
51000000,46815807
35000000,15461638
9000000,14443
8300000,24906717
300000,33312
160000000,181674817
33000000,27610873
28000000,38159905
7000000,463039
5000000,4414753
1125000,414736
100000000,249488115
82500000,143985708
75000000,155708695
55000000,307325633
32000000,1308696
18900000,26063572
24000000,156229050
19400000,15118795
13000000,67867998
45000000,76904429
6000000,7818479
110000000,579446407
65000000,43545364
76000000,69845011
27500000,50578411
63700000,133603463
30000000,35891257
16000000,87041569
3300000,19875
42000000,83833602
1000000,5382
500000,3000000
27500000,219265952
9000000,3922043
989000,8158
1000000,844377
20000000,86858578
17000000,57263440
15000000,6551310
39000000,69538833
16000000,53774833
7000000,1661464
85000000,83080084
60000000,253555383
15000000,10951153
1500000,22217183
151000000,708272592
150000000,287594577
100000000,267985456
27000000,9352089
40000000,146300356
120000000,229545589
25000000,137984788
32000000,77593167
13000000,11141213
10000000,21851362
35000000,70187088
130000000,442161562
25000000,14334401
16500000,39380876
5250000,786677
5000000,1375194
6000000,26007
40000000,79123
20000000,81461343
14000000,13205411
8300000,25670174
60000000,95538560
35000000,96096018
20000000,20081987
15000000,37466538
8400000,6831069
1300000,635305
61000000,145594548
258000000,890875303
55000000,6521829
13000000,5175088
10000000,7037886
8000000,414617
20000000,118537627
15500000,1237615
750000,5520368
16000000,81742618
10500000,14140402
10800000,2862544
7400000,9443864
47000000,37923818
21000000,43632609
20000000,8135024
2400000,1420418
40000000,62226214
1500000,194568
21500000,92987651
15000000,22441
500000,53201
7000000,231450102
150000,23344056
160000000,807330936
10000000,5950002
8000000,127188
300000000,963420425
4000000,8302995
53000000,50187789
25000000,7164995
22000000,27238354
120000000,288215319
30000000,7755686
20000000,30703845
8000000,456814
300000,70807
200000,1217
175000000,174131329
22500000,131263370
15000000,19153568
9000000,36535837
4000000,3858964
110000000,382288147
150000000,626549695
1900000,139317
48000000,71171825
40000000,7729552
11000000,3231251
10000000,900926
2000000,1134358
1500000,240396
205000000,367262558
30000000,129779728
2600000,71248
800000,200433
85000000,185708462
75000000,203035572
40000000,32030610
2380000,8739576
72500000,527071022
28000000,91943956
21600000,791154
7000000,5694308
2000000,1433319
100000000,145395745
85000000,311744465
15500000,88611837
7500000,33606409
6000000,18209872
80000000,40147042
67000000,25357771
20000000,46790428
17500000,169955142
25000000,234981342
25000000,40686409
13000000,3260555
10100000,1066555
2500000,72260
20000000,16907831
15000000,77514401
4500000,51957
50000000,80583311
2200000,388390
2000000,81197047
60000000,454161935
12000000,92618117
9000000,3438735
8500000,20288774
35000000,63211088
25000000,164051250
3000000,163069
50000000,56077088
45000000,29367143
32000000,79915361
23000000,24489150
10000000,1165102
3500000,221096
45000000,146162920
30000000,15313631
25000000,59183821
20000000,56822960
16500000,13636339
72500000,86509602
22000000,146590987
15000000,65261291
12000000,1513388
180000000,256585882
70000000,137022245
6400000,8902141
30000000,80276156
27500000,26939925
19000000,34352162
16000000,8120148
10000000,1051907
4600000,731767
1000000,473769
600000,23616
10000000,135759694
3300000,12405473
20000000,20819601
15000000,64232714
8000000,458232
1500000,139084
150000000,942943935
17000000,364607
150000000,194995215
45000000,31077418
5000000,861325
85000000,340384141
25000000,66015869
20000000,12397613
17500000,99135571
13000000,49733545
13000000,57189408
9000000,10642023
14000000,22754472
8600000,32968648
80000000,113325743
14000000,75525718
55000000,74870866
28000000,55307857
15000000,55934178
12500000,11277119
150000000,585532684
55000000,362605033
30000000,2717302
20000000,74180745
250000,284174
75000000,119512771
35000000,20606053
30000000,155769678
10000000,1537479
45000000,174810815
40000000,128884494
40000000,103429755
15000000,30261293
7300000,25397460
25000000,77208711
4000000,79250193
28000000,22860477
17500000,60865364
16500000,21404122
20000000,6947084
12000000,57577765
10000000,21596074
6500000,70712099
1600000,14253760
150000000,624234272
175000000,405760225
21000000,17589867
15000000,1590246
1000000,6030129
2500000,13881317
30000000,160247805
25000000,171302226
22000000,25044057
4900000,15198
2000000,2350641
1000000,304472
15000000,26170402
47500000,112214531
35000000,52649951
30000000,84646831
17000000,8607815
900000,11993156
186000000,584604126
40000000,106548738
7000000,2667084
2000000,11263263
92500000,162839667
82500000,223636949
17500000,148586910
7000000,55617866
6000000,17252287
2750000,5394447
40000000,150886329
20000000,30894247
12000000,5295909
7500000,4151836
6250000,20199663
50000,406299
55000000,43980363
40000000,78269970
6000000,3330012
28000000,12031443
25000000,20052958
20000000,154218168
20000000,7022183
20000000,4504111
12000000,17475475
10000000,33886017
85000000,299477886
33000000,21621188
21000000,39319801
15000000,8200127
1700000,23271741
40000000,49686263
20000000,41975388
8000000,47782426
3000000,115879
850000,442638
35000000,159846429
35000000,73026302
25000000,11229035
10000000,33512260
250000,67665
20000000,44513466
58000000,41348628
37000000,101857425
25000000,22910563
10000000,22198996
1000000,16173879
113500000,132999811
18500000,33954018
3000000,895932
55000000,129075270
30000000,105173042
30000000,32955399
12000000,7203439
8000000,3270974
500000,32033
30000000,64170447
25000000,12850033
23000000,4673377
12000000,43353117
5000000,332120
45000000,46598133
6000000,36497
35000000,10157534
29000000,28452945
12000000,8942516
225000000,417341288
185000000,786558145
20000000,8221700
10000000,1299855
4600000,968805
57500000,415247258
9000000,83051676
5000000,67505
130000000,631910531
90000000,202910991
18000000,27147349
8000000,2476491
27000000,44270131
26000000,102404019
5000000,4815890
137500000,263417913
60000000,162778384
200000,140016
80000000,226739416
62000000,40123346
10000000,17657973
2500000,3838486
180000000,532590994
75000000,342416460
105000000,269065678
20000000,66143005
20000000,47300771
12000000,2975188
1500000,414404
150000000,599516844
40000000,12345883
28000000,94500826
12500000,44083403
8500000,198883
185000000,1002572859
52000000,615748877
37000000,67029956
15000000,6379575
30000,243768
65000000,128468793
35000000,68170792
16000000,247474497
1900000,5617067
10000000,8243567
72500000,109362966
27500000,43607627
15000000,34533783
18000000,27794339
90000000,191091250
10000,401
35000000,77220596
25000000,43530281
16000000,104504817
8500000,68695443
15000000,8767338
65000000,72516819
25000000,71390601
23000000,11778396
9000000,4934104
38000000,5473041
22000000,27882226
45000000,70216497
20000000,36720752
6000000,6176114
4900000,7174984
120000000,93394462
35000000,218535708
450000,22623
27000000,45160110
22000000,31013349
20000000,44821299
20000000,27911453
20000000,34787111
20000000,29843245
6537890,14319195
80000000,178066569
45000000,9676497
14000000,266967
3400000,4124277
500000,33473297
67500000,118556530
38000000,17830244
37500000,9813309
12000000,41924774
200000,212989
200000,52443
32500000,112964875
300000,1416046
35000000,85761789
27000000,2412123
25100000,28575778
19000000,10412485
11000000,39984023
55000000,113805580
30000000,43440721
20000000,4453327
20000000,4383538
11000000,274392880
10800000,118209778
4500000,12247682
2000000,2046090
400000,655538
24000000,36856306
5000000,15318257
2500000,507446
2000000,4294373
1500000,173066
240000,7484
60000000,13233220
15000000,13248444
20000000,65454793
18000000,57193655
4000000,19174817
82500000,160388063
60000000,50648806
45000000,243180937
3400000,12636
230000000,591692078
2500000,174255
150000000,328015209
37000000,402280159
1000000,26822
130000000,215080810
80000000,168311558
20000000,57293371
60000000,78481410
37000000,168167798
16000000,50103808
14000000,384519665
80000000,233066978
58000000,30118557
40000000,915840
25000000,274543085
20000000,53191101
2600000,564474
6000000,46634275
60000000,90482317
54000000,166617328
50000000,225990976
160000000,329809326
90000000,203902107
80000000,221468935
60000000,247812011
60000000,39006188
2000000,13912289
45000000,79564960
20000000,38585047
18000000,627422
16000000,31631
15000000,3436763
13700000,11738256
5000000,1504960
2700000,5377665
1200000,81338
150000000,374825760
102500000,212282709
90000000,859701857
50000000,52987754
35000000,122213085
26000000,185904750
19000000,45005151
14000000,102836002
60000000,66655938
50000000,1250617
35000000,89102315
750000,814801
25000000,226941585
8000000,29937909
3250000,34114067
23600000,102236596
18500000,32679264
15000000,18856151
7000000,30360570
50000000,53850527
17000000,92670237
12000000,16349034
6200000,37339594
20000000,18608570
17500000,90508336
50000000,12335036
500000,77121
85000000,363064265
9800000,17553055
50000000,105103783
15000000,46526243
6000000,4713059
5000000,17329337
60000000,81079566
50000000,186450317
40000000,91729503
2000000,30955
175000000,381687380
20000000,17306648
50000000,42002029
15000000,40127259
7500000,10849158
30000000,166842739
26000000,45043870
20000000,23661038
20000000,9208876
4300000,9791282
60000000,88832210
40000000,139474906
20000000,35472739
2500000,108907
47000000,116773317
500000,44793168
60000000,38389024
20000000,73964713
18000000,315000
100000000,69548641
35000000,465764086
21000000,10108016
17000000,20465206
12000000,1620056
150000000,490875846
20000000,5531756
200000000,365491792
150000000,402231063
25000000,32092761
14000000,20537741
1300000,1005840
175000000,731542621
30000000,91388487
13000000,109421911
1500000,31916
60000000,126037057
40000000,181053657
38000000,44411527
6000000,1418304
138000000,184068357
190000000,315709697
25000000,26341896
24000000,67348218
10000000,68722848
10000000,49486874
60000000,57604723
40000000,314709717
15000000,35106706
800000,2194020
17000000,13446115
210000000,836519699
27500000,96673002
23000000,2715657
15000000,49894223
3500000,1396395
12000000,5400624
5000000,4568257
175000000,302469017
40000000,126646119
14000000,22815460
12000000,20122558
2100000,23266821
250000000,935083686
150000000,292817841
38000000,205298907
20000000,78769428
3200000,2828590
72500000,71880305
45000000,59551283
9000000,1635241
3000000,10473836
140000000,385680446
6000000,1365108
4000000,384244
3000000,10172519
39000000,102332135
34000000,205312666
30000000,212453431
20000000,12967829
10000000,15297318
5000000,8297
70000000,316915264
20000000,29870801
19700000,16498827
15000000,6561243
10000000,295750
10000000,997921
29000000,10066366
40000000,187384627
15000000,38512850
10000000,19716
30000000,115150424
29000000,1733532
16000000,78208812
5000000,10732909
30000000,48559999
60000000,172450423
11400000,29830239
10000000,721108
7500000,29652736
6400000,4199874
1500000,52429
230000,2703762
8500000,17220091
100000000,236827677
22000000,41771168
20000000,1167092
18000000,36133014
16000000,31943401
1000000,1355079
10000000,90909
20000000,19121531
80000000,119668350
40000000,17033431
23000000,50813834
18000000,80227619
7000000,1429453
450000,194183034
30000000,169173206
30000000,58228460
18000000,27148898
42000000,130788243
18000000,16382538
100000000,99123656
53000000,131159781
20000000,29227561
10000000,9069
65000000,41636243
40000000,19756077
40000000,39753957
15000000,7583050
11000000,69752402
10000000,723388
14000000,1553556
60000000,252091016
9500000,118482
8000000,10629320
1000000,102812
825000,610776
35000000,12254746
19000000,51733921
12500000,26735797
160000,156612
95000000,94894448
60000000,124514011
7000000,28142379
1070000,5348767
200000000,788408539
50000000,37472651
40000000,47085064
6500000,1744952
60000000,108996113
50000000,687557727
40000000,119627047
35000000,305705794
25000000,12413949
2000000,17896
105000000,270997378
50000000,62209892
35000000,95104304
25000000,29206732
25000000,1190003
110000000,152364370
55000000,16123323
5000000,10676073
1000000,4731944
8500000,47417251
425000000,2783918982
80000000,53508858
58000000,80480566
35000000,31878891
70000000,443483213
90000000,498438212
85000000,224614744
30000000,64352607
2000000,3620902
18000000,25727044
36500000,15000000
23000000,44195779
2400000,1333891
820000,16909
640000,14812
125000000,493214888
150000000,319713881
20000000,67950723
350000,310891
40000000,224922135
27000000,28773827
20000000,28270399
3000000,1022453
2900000,172867
80000000,158750817
28000000,46752858
18000000,15696146
3000000,5922292
48000000,112610386
31000000,15826984
26000000,67647574
9000000,208163
500000,3824868
700000,1160
60000000,82812456
2000000,102645
40000000,38899792
20000000,60831067
9000000,85527
6000000,117796
6000000,13722
15000,115592
80000000,299461782
45000000,65532491
30000000,52339566
10000000,109383
10000000,106466
3750000,44462
37000000,55909910
19000000,56445534
15500000,318623
13000000,19910624
1000000,2721096
32000000,43603990
12500000,46370970
12000000,310946
1000000,11574
42000000,8514325
20000000,873617
13000000,331266710
13000000,23014027
45000000,135808837
32000000,18195238
15000000,76954311
9500000,5278632
6000000,8173486
165000000,494870991
36000000,65967750
13000000,11831131
7000000,46488
3000000,133411
20000000,92678948
75000000,95572749
50000000,89895930
40000000,91455875
30000000,26857459
12000000,557545
20000000,22139590
28000000,97531134
21000000,48977233
12500000,3931367
10000000,3541565
8300000,1353296
3500000,40527719
80000000,86787530
35000000,75281179
25000000,29863840
10000000,42226657
35000000,117729621
35000000,39340177
10100000,18726300
9900000,458054
7300000,12023606
3800000,340930
3000000,4570178
52000000,53139168
25000000,142033509
9000000,148826
200000000,1025491110
17000000,39233233
8000000,3582797
130000000,321887208
65000000,211739043
21000000,38017873
18000000,60217171
3750000,2436111
210000000,322241588
30000000,82148538
12000000,21867665
9000000,883887
500000,12232
165000000,756244673
12500000,4360548
10000000,8629895
9200000,17155193
6600000,828
95000000,294680778
200000000,314594597
70000000,38992292
42000000,11756922
5000000,16515203
4200000,101740
100000000,170936470
30000000,165889117
14000000,4127619
10000000,17704131
200000000,1069818229
47000000,11022696
13000000,3617277
10000000,15132211
7000000,10062896
2500000,100280
117000000,258751370
75000000,272223430
14000000,1903952
323000,1373407
68000000,706102828
25000000,146149
170000000,623561331
7000000,6537179
160000000,217986320
160000000,832584416
5700000,731613
5600000,531806
130000000,290650494
15000000,27469621
4500000,281447
4500000,32961
85000000,114979922
69000000,86796502
44000000,48478084
7000000,10828305
7000000,492108
20000000,51445503
19000000,32618920
18000000,19685588
38000000,105887837
35000000,60376247
25000000,16727470
22000000,4065020
10000000,1642939
8000000,6632950
2000000,7799257
1900000,7785229
1750000,1278471
85000000,48056764
82000000,268268174
60000000,206598789
4200000,8078683
20000000,81424988
35000000,97799865
24000000,83660160
19000000,49858465
18000000,25941437
17000000,24719879
4900000,23347469
32000000,70587268
15000000,7885048
2000000,10024
1800000,70165900
16000000,47707417
55000000,152269033
4500000,2481925
3000000,3237452
2500000,118666
1900000,740932
69000000,543495033
40000000,127234389
5600000,18527766
4000000,36275469
15000000,11173718
37000000,152566881
20000000,48958353
10000000,63354114
8000000,76200721
6800000,16038343
15000000,34247816
100000000,139716717
70000000,137431619
20000000,32838945
16000000,1467278
2000000,636706
1987650,21270290
12000000,1595168
57500000,295874190
6750000,6812530
5000000,282687
40000000,59795070
155000000,418186950
100000000,278731369
20000000,277943
11000000,129262388
60000000,196439693
50000000,105246941
20000000,171685793
18000000,157002
12500000,11826980
1600000,2595644
400000,433588
30000,9812
3000000,177512032
17000000,133735284
10000000,355919
8000000,5314194
500000,5639730
16000000,64733391
110000000,177241171
40000000,351774938
2000000,16131551
2000000,10679
125000000,960283305
30000000,67255916
8000000,15644196
260000000,586581936
90000000,20466016
55000000,90552675
30000000,102716321
24000000,35792945
15000000,430821168
150000000,142634358
95000000,223050874
52000000,217569328
8470000,42355526
100000000,97523020
20000000,48680977
16000000,56506120
14000000,21410546
40000,25572
95000000,169511609
10000000,78693371
50000,424149
200000000,400062763
120000000,49628177
80000000,204774690
12500000,2272186
5000000,6205034
100000000,310650574
35000000,252276928
15000000,20601987
7000000,17023121
112000000,232017848
17000000,8609949
8000000,20005613
1000000,16566240
30000000,53048539
25000000,71594792
25000000,9445081
10000000,15037867
9100000,18872126
63000000,188657593
32000000,140428499
13400000,164247
5500000,15867314
4000000,120016
2500000,593933
1500000,99870886
500000,680914
30000000,61449135
20000000,39686769
1000000,51587
110000000,229155503
70000000,70546865
30000000,8845575
3800000,41914
25000000,149228078
42500000,76347393
37000000,97143987
35000000,24687524
25000000,32209741
5000000,26517819
4500000,9330465
6500000,20412841
50000000,146195159
40000000,136123083
32000000,82332450
68000000,87173475
50000000,41042583
5000000,46263525
200000,2430735
160000000,355408305
3200000,14314407
1900000,4581937
40000000,87145086
40000000,101162106
27000000,155564919
5800000,9662214
75000000,89758389
18000000,73695194
6000000,408159
30000000,104283753
16000000,52545707
135000000,245504574
50200000,126931325
19000000,7576604
17000000,38028230
6000000,13168809
25000000,8208594
85000000,150422946
20000000,36265745
15000000,1148578
90000000,487519809
40000000,95989590
25000000,15907411
38000000,116809717
25000000,53345287
5200000,11633427
4000000,679482
1800000,783733
125000000,629969804
30000000,23353111
20000000,6093725
8000000,10763183
93000000,482860185
52000000,75835124
60000000,84154026
32500000,289527030
7000000,382946
5000000,2821010
2450000,182358
250000000,1045663875
30000000,162838373
1300000,13465
150000000,664837547
80000000,586464305
35000000,61721826
7250000,35122948
150000000,449326618
36000000,4020990
35000000,65084116
21000000,5046038
7000000,38158601
3000000,834953
200000000,219535492
55000000,189624452
4000000,1989035
10000000,1230542
200000000,560155383
19000000,215448997
10000000,1884251
4600000,9261711
195000000,1123790543
40000000,91126600
110000000,263880341
30000000,8593154
23000000,77735925
4500000,1217307
125000000,1341511219
30000000,50145607
6000000,11348205
5500000,28468
140000000,370569776
35000000,146595891
14500000,25480031
175000,2102779
163000000,175910315
110000000,563749323
50000000,147142328
19100000,2406666
13000000,6459183
6000000,21197454
1000000,1239174
560000,3709
50000000,26121638
40000000,47787943
30000000,65343694
18000000,47158652
2000000,1869928
80000000,170805525
35000000,212417601
25000000,5297411
500000,1131261
90000000,63356133
30000000,40520649
27000000,80681183
15000000,59168692
12000000,87793
4500000,2404639
2900000,25935
1500000,184705
1800000,842693
40000000,72295262
25000000,39126427
11000000,229653
5000000,25861249
2300000,29384
900000,958978
20000000,46604054
60000000,137551594
25000000,24215385
10000000,2529395
3000000,331000
3000000,5073
2000000,2151887
750000,7712436
35000000,84606030
26000000,146850273
25000000,38749404
21000000,81452811
12000000,22750356
25000000,11253821
24000000,24474463
15000000,78054825
8000000,2772511
7200000,295492
70000000,65409046
50000000,111300835
37000000,96068724
35000000,86648359
30000000,3721988
4000000,1983596
190000,1577585
50000000,41642166
20000000,30163785
14000000,623292
8000000,41334735
5000000,5476793
4750000,4972016
2000000,35185884
50000000,257972745
3500000,5706638
25000000,213120004
41000000,7684524
38000000,27501814
35000000,786532
24000000,62989834
8000000,3505823
90000000,139877913
45000000,164539660
7000000,1891936
5500000,13480196
5000000,202053386
4200000,313230
3400000,20433227
1000000,5438911
130000000,554987477
45000000,21544732
35000000,165103952
27500000,15815509
250000,3731489
80000000,214974953
36000000,193737977
25000000,36054706
13000000,99034125
10000000,7862131
1500000,372239
1200000,7826
40000,3632
150000000,39549758
70000000,213463976
42000000,91678442
12000000,1188194
300000,39475
79000000,150519217
75000000,211562435
9400000,21817298
20000000,175507800
135000000,157956466
127500000,689420051
4000000,978527
180000000,180047784
85000000,149717124
45000000,160971922
20000000,14807531
10000000,34240572
16000000,128256712
40000000,155011165
28000000,40966716
9000000,17462398
145000000,694713230
125000000,535663443
80000000,349088523
25000000,38112154
90000000,239373970
130000000,373993951
7500000,8539003
50000000,118729073
13000000,509193
70000000,156815529
40000000,55247881
34800000,62831715
800000,24426169
12000000,1828400
9100000,20927794
6500000,3149
2600000,7033931
70000,8555
170000000,401021746
12000000,10026255
4000000,12302
1200000,26608
1000000,96734
135000000,573068425
27500000,31157914
25000000,98406855
14000000,115592104
7000000,10765283
3000000,156362
9000,4584
100000000,98227017
70000000,160379930
58000000,50365498
23000000,36374700
10000000,1049641
42000000,36197221
42000000,45688337
25000000,81249176
67500000,350976753
12000000,103028188
3000000,223652
165000000,496511521
31000000,160558438
16000000,94812
15000000,22018988
65000000,156974557
57000000,149217355
23000000,151496097
32500000,24159934
14000000,35579177
12000000,82497035
40000000,25268680
15000000,128955898
12000000,123681790
800000,462206
750000,1011535
220000000,757890267
125000000,211856088
22000000,77229695
840000,3787689
42000000,202812429
10000000,4708127
6000000,8446952
4000000,442550
80000000,677923379
1100000,9297407
1000000,5391992
150000000,305270083
85000000,173613482
225000000,1519479547
12500000,1100287
11000000,10431506
10000000,134639780
30000000,54052249
30000000,70768144
20000000,33943049
1200000,595018
930000,30905
25000000,96633833
12000000,113373764
12000000,1200346
55000000,136143605
33000000,41495213
30000000,61623819
26000000,30601801
6000000,10106975
5250000,20188740
900000,7396
135000,429448
12000000,32700439
45000000,377807404
39000000,81150788
12500000,3522153
8000000,2721534
5800000,15091
65000000,180148897
209000000,305218228
37500000,120925697
8900000,22744132
1100000,56491
215000000,654213485
16000000,68582095
10800000,484873045
1000000,42411721
1000000,101759490
50000000,236799211
3000000,1324299
45000000,80594860
70000000,61031932
57500000,58085235
120000,3090593
185000000,554606532
67500000,137489730
21500000,74326015
10000000,11766959
1800000,23265132
50000000,556016627
20000000,66950887
16000000,12519804
7000000,170549753
20000000,25361206
6000000,16369708
5700000,86051320
3000000,12577401
6000000,1673635
5600000,14683763
95000000,879765137
17700000,14518884
2500000,33349941
275000000,1084439099
225000,1109276
55000000,67130045
33000000,165552290
10000000,4659110
145000000,746921271
125000000,402448265
750000,4422318
30000000,133085295
200000000,1110526981
40000000,55249159
100000000,311979256
60000000,108119662
10000000,24660323
4900000,6924321
2500000,4934356
270000,830700
22000000,17216955
35000000,31393201
25000000,48530887
17000000,10637281
4000000,5966671
26000000,54393637
20000000,1065907
14000000,82925064
850000,1386088
275000000,282778100
40000000,20790486
2000000,16610760
65000000,273346281
24200000,10447579
300000,17241
65000000,238940997
37500000,58792011
35000000,17967746
12000000,35830713
4600000,36751984
60000000,47818913
45000000,41467606
15000000,57586606
13000000,33069303
6900000,44103982
85000000,378505812
30000000,170466405
19000000,5714913
17000000,116044347
500000,314444
85000000,208542162
79000000,318146162
30000000,197618160
125000000,280355920
95000000,104907746
4000000,4230426
35000000,35426759
5000000,140619520
2000000,17061
1000000,11495204
102000000,130673154
20000000,55975672
20000000,8300821
14000000,11166615
5000000,9109597
2000000,2436
150000000,238202668
4300000,10212403
9200000,5806666
136200000,829724737
49000000,71004627
21000000,236412453
11000000,25307405
145000000,306900902
120000000,607987022
65000000,48164150
19500000,29393634
15000000,39238443
10000000,8890094
44500000,227140757
42000000,73239258
13500000,33035736
10000000,3336053
3000000,87727807
200000,236806
250000000,1017003568
52500000,134612435
40000000,41294674
9700000,36787044
60000000,217370736
40000000,169590606
35000000,90221182
25000000,28012862
100000000,449948323
65000000,442169052
25000000,120832383
77600000,60680125
45000000,73706
20000000,34454631
55000000,22597969
30000000,115121608
1500000,2592308
195000000,197687603
18000000,1199510
13000000,42195766
12500000,9376444
12000000,12079308
4500000,7838405
4000000,25448707
2500000,549632
2000000,63555
110000000,127983283
55000000,110387072
12000000,89309178
5000000,60611845
35000000,34480045
30000000,48330757
15000000,148095566
50000000,214949716
35000000,48543388
10000000,31164747
60000,4917
28000000,112914167
275000000,260002115
61000000,132493015
2500000,6916951
250000,62375
92000000,304249198
50000000,60282876
28000000,94050951
40000000,74156610
15000000,57907734
4000000,4327
3500000,27704111
5400000,4728896
200000000,1215392272
10000000,3623609
10000000,173472
76000000,975216835
2500000,32327255
50000000,26387039
32000000,27392609
12800000,69821476
5000000,31149251
70000000,150562164
25000000,9313302
13000000,18733666
140000000,375740705
50000000,64477051
15000000,47011449
20000000,47666013
15000000,9300336
110000000,695941797
30000000,60512680
1700000,2507159
22000000,15434375
40000000,27000381
500000,152449
120000000,287916633
1500000,1541131
1250000,2940411
1200000,2859955
32500000,48425971
26000000,81275291
15000000,528731
10000000,31556959
17000000,97778356
16000000,22594052
1400000,1632
900000,413733
5000000,26853810
190000000,467381584
3450000,18309793
3000000,11267511
3000000,47469
103000000,362000072
160000000,789300444
100000000,262794441
3000000,23283672
130000000,251499665
75000000,342769200
8300000,50827466
6500000,3027956
38000000,94763758
15000000,61847
15000000,20898221
11000000,32943247
10600000,261364
225000000,667999518
1000000,5892466
200000000,743588329
190000000,531514650
150000000,205440387
43000000,229727774
23000000,13593473
500000,1778
58000000,93672764
3000000,91266581
90000000,200859554
37000000,267816276
135000000,286896578
130000000,79076678
84000000,137162560
20000000,318000141
5300000,440821
4800000,4494560
1000000,501289
7000000,1268346
115000000,416456852
18000000,102912961
1900000,285593
1500000,4128828
110000000,348547523
500000,2141436
35000000,175361578
30000000,66742138
1900000,10137234
200000000,490359051
30000000,19599974
150000000,644602516
19000000,76086711
40000000,16173593
30000000,177025498
28000000,63129909
18000000,43402515
5000000,1075009
2500000,35017
60000000,75965567
38600000,57987299
20000000,47508505
19200000,5617460
500000,407100
175000,2602
18000000,11813989
10000000,68541786
5000000,100486616
120000000,286192091
50000000,238059569
30000000,51078541
5000000,161921515
2000000,28864
8000000,25621449
46000000,113402302
38000000,98230839
20000000,16723377
8000000,21970000
78000000,274392649
18000000,9082906
8500000,22885836
5500000,41268579
190000000,351040419
15000000,9307166
70000000,103735965
30000000,82409520
26000000,6154172
20000000,181025343
8500000,10386814
25000000,71009334
15000000,160903019
60000000,104100903
11000000,56178935
2500000,59922558
55000000,220648184
20000000,18273009
5250000,22937201
750000,1960521
650000,171962
17000000,72835710
12000000,24761360
12000000,29549145
7000000,1933829
150000000,1274234980
130000000,864868047
22000000,70536870
12000000,98963392
22000000,51695362
17500000,7285135
35000000,29890402
40000000,97470701
20000000,78613981
3100000,123407
32000000,126539117
190000000,411002906
80000000,247023808
900000,17549645
250000000,960366855
40000000,257878294
35000000,114962525
25000000,52543354
50000000,172185754
80000000,130580730
175000000,151716815
100000000,391976723
91000000,188536838
40000000,69807260
25000000,50738810
30000000,143490
22000000,30051905
16000000,1844228
4000000,4454853
1000000,552614
150000,32927
170000000,771100771
30000000,33339868
16000000,1705908
60000000,131377412
30000000,122529966
25000000,153733800
7000000,36146087
65000000,74575290
7000000,15206330
18000000,14189810
8000000,53068955
7000000,1857458
200000000,708996336
2600000,15298355
600000,42557
30000000,87956618
20000000,93931360
13000000,42174545
60000000,22468620
20000000,34718173
13000000,50445860
80000000,108469033
28000000,38959900
50000000,222383055
22000000,70949793
1700000,12231500
5000000,86362372
61000000,368567189
16000000,20769209
6500000,256873813
1400000,1945420
15000000,52501541
66000000,194169619
10000000,7843145
6000000,3485383
200000,3648
85000000,276014965
55000000,79312301
26000000,2923959
10000000,1069454
1150000,63777092
100000,59424
130000000,352831065
35000000,18376443
300000,3496
170000000,714401889
13300000,7229933
4500000,11774
12000000,100919111
100000000,103039258
4000000,21206861
40000000,195111193
28000000,73421224
420000,435168
34000000,10392666
2300000,59696
165000000,668913307
160000000,529076069
25000000,39217912
16000000,7585011
200000000,747862775
45000000,127990741
180000000,758536735
40000000,86778557
44000000,12342632
178000000,370541256
12000000,307166834
4357373,1200000
1000000,3324070
250000,18823
145000000,616102924
50000000,331333876
8500000,3180252
1300000,16653
9000000,3440939
100000,20056
40000000,65282732
24000000,70027933
210000000,1104039076
40000000,88069880
8000000,68838736
3000000,82780
70000000,158702748
60000000,457729388
145000000,269806430
110000000,330780051
31000000,164350409
4000000,1158877
165000000,652127828
15000000,123327692
10000000,109144
50000000,156399644
40000000,126069509
9000000,111534881
6000000,6591365
1000000,852399
100000000,243388614
40000000,457507776
18000000,17360801
15000000,36068890
70000,30312
125000000,485004754
50000000,156602194
22000000,94270488
17000000,136890774
100000000,209461378
25000000,55090374
3000000,78948
250000,12848
65000000,39499349
15000000,30138912
11000000,78356170
15000000,34820335
5000000,41824066
750000,59656
70000000,20107933
18000000,270944428
5000000,10537341
1000000,1156309
34000000,348319861
28000000,62108587
20000000,41296320
3000000,1821983
2000000,72277
800000,35688
60000000,111946251
55000000,192903624
10000000,552641
5000000,927074
1600000,242443
70000000,58953319
40000000,149804632
23000000,48531242
950000,78122
500000,1822
70000000,220241723
50000000,76119388
28000000,101379287
15000000,29050
13000000,54837234
5000000,17499242
5000000,6656705
3300000,33474334
2000000,6049171
25000000,38718031
80000000,210253368
50000000,97651543
26000000,41059418
18000000,103215094
5000000,567219
1500000,236863
1000000,9837
30000000,76235001
5000000,103683342
1000000,549185
22000000,19563579
8500000,50334418
300000,177507
130000000,493738435
25000000,29276904
18000000,23910210
5000000,44115496
4000000,373375
170000000,710644566
4000000,57273049
450000,13486
40000000,156553592
16000000,3442853
10000000,3168858
7000000,14618727
125000000,766652288
1100000,2636
132000000,367650911
40000000,105945357
15000000,227773686
1000000,288757
120000000,242981799
36000000,57824533
13200000,54323210
12600000,19054534
5000000,851690
1000000,5797192
550000,9111
140000000,268314513
20000000,8692898
12000000,25514848
250000000,955119788
127000000,356546621
65000000,139840525
14000000,25187026
65000000,163527824
58000000,547326372
50000000,203502372
10000000,27317872
10000000,173613
40000000,196090
20000000,6071433
3000000,4668109
750000,450
11000000,56758138
250000000,1404705868
155000000,440160956
14500000,123709460
15000000,3471
25000,428923
30000000,25199891
70000000,19548419
55000000,259541430
23000000,80171596
5000000,41699612
9000000,2243
3300000,40262
60000000,30396134
6000000,32544
5500000,24956
4900000,17561100
4000000,52819253
30000000,929157
12000000,32248241
9000000,21571189
7000000,35919
4000000,4854356
1300000,288751
108000000,663851905
50000000,15505922
7000000,1732228
94000000,404561724
40000000,570998101
2000000,147299
1000000,15156
17000000,45707924
14000000,12452601
8500000,43528634
7500000,13524
65000000,154362963
5000000,35341814
4000000,760678
180000,17503
190000000,1516748684
30000000,46225326
95000000,534551353
50000000,66961644
35000000,11106
10000000,11894
2000000,20649774
26000000,135436
110000000,295279072
40000000,13644292
10000000,7501132
2300000,14305540
250000,3234
130000000,386069390
40000000,106511453
10000000,13423176
65000000,122519874
22000000,69698495
3000000,379161
11000000,62076141
15000000,61788393
7700000,1080428
50000000,3434330
38000000,107597242
1000000,62561449
150000,7193
30000000,69057415
25000000,129115
22500000,30864649
20000000,17684355
1900000,478595
15000000,17224539
5500000,863895
65000000,233125712
30000000,168832
14500000,565801
10000000,120678444
25000000,101937062
150000000,370742166
29000000,287130801
5000000,7556
1000000,1036
170000000,207283457
35000000,95825125
8000000,53086
600000,3301
110000000,469590832
37000000,24935799
20000000,774905
179000000,181982519
95000000,110623265
74000000,311594032
49000000,105002056
35000000,12819501
10000000,90384306
1500000,113169
300000000,879620923
99000000,250474038
20000000,92217729
175000000,853707581
7000000,18190831
4000000,797439
200000,1165996
68000000,217022588
20000000,43658157
17000000,1973945
26000000,34246770
2000000,45431
120000000,167117548
18000000,41148679
5000000,58978653
2000000,2279959
130000000,518602163
35000000,140949327
75000,8799
90000000,244126300
30000000,94207861
13000000,14999638
12000000,85512300
31000000,100655892
150000000,700868363
33000000,357687
1000000,101531
50000,8374
35000000,45680201
11000000,74056184
9000000,1242
4500000,597989
75000000,105445109
28000000,202043881
13000000,17856688
7000000,2053330
35000000,81967450
28000000,28208085
10000000,54104225
150000,5858
5000000,42844516
3000000,73975239
2000000,10166209
1200000,3048209
850000,3256
48000000,327656424
20000000,66776908
7500000,32572
150000000,123888320
30000000,35579007
12000000,6553186
65000000,221662676
61000000,310697192
53000000,98837872
30000000,78571737
2000000,2791973
1200000,4254
80000000,470751398
40000000,197232734
1000000,12931569
1500000,2105
35000000,61173364
25000000,91116
10000000,314073
34000000,63802928
13000000,38976797
4000000,324218
1000000,6870
74000000,1167245366
40000000,26736665
26000000,33713827
10000000,161097
100000,41753881
58000000,158905324
55000000,75466595
40000000,162610473
15000000,6832542
13000000,36262783
80000000,131234406
14000000,34044909
10000000,78096553
5000000,2368937
2000000,481525
300000,1711
28000000,8592432
20000000,32632668
20000000,14883495
15000000,14947243
18000000,60264805
5000000,98595211
5000000,4816142
12000000,14616
100000000,90420758
28000000,133162752
1000000,26
25000000,28400715
20000000,2246000
20000000,3727746
18000000,42167286
8900000,3324184
160000000,650523427
25000000,52427346
25000000,42642077
20000000,30808558
7000000,103962
450000,42503
187500000,334342692
40000000,33175076
37000000,173567581
215000000,1671640593
8000000,9266180
306000000,2058662225
90000000,249520430
30000000,106030660
100000000,128131571
62000000,145443360
60000000,101134059
50000000,238757137
35000000,50363790
8000000,5531455
80000000,4547660
42000000,182156
30000000,141661
15000000,3454036
7000000,1391410
2700000,8200000
2000000,926
1900000,12444
1000000,17721
560000,8462
168000,29827
5000000,23565072
900000,9097072
180000000,349143061
140000000,154110769
10000000,118557124
14000000,11354230
50000000,69411370
40000000,124827316
18000000,27392196
56000000,386096060
38000000,110678636
36000000,156835197
11500000,99930262
10000000,68220952
140000000,518614384
70000000,48197252
25000000,2976636
5000000,20765353
20000000,19450780
8000000,7315248
5000000,2199
9000000,25077411
60720000,552198479
20000000,46164361
5000000,22178125
3500000,40454520
140000000,133553464
23000000,45121177
20000000,25943792
135000000,245623848
20000000,205445075
20000000,9537120
3500000,29233
170000,169242
13000000,73798720
110000000,171484051
18000000,6841142
250000000,868160194
18000000,91651878
10000000,5437126
150000000,1019922983
60000000,193857962
35000000,24915969
600000,7943
165000000,677541920
125000000,344780046
40000000,158701644
175000000,963901123
31500000,38771262
20000000,54404202
18000000,6784
5000000,3807503
115000000,165149302
3000000,7445044
1500000,510957
20000000,11813410
15000000,20609977
60000000,194058503
28000000,16311335
22000000,64171419
11000000,2124005
175000000,746100054
12700000,49196532
27000000,93469699
4000000,10898293
73000000,352829528
50000000,57261763
35000000,108758521
178000000,542742489
170000000,277442381
250000000,1151684349
9000000,7714549
7000000,10237239
200000000,1022617376
50000000,217196811
165000000,387644286
50000000,23152062
13000000,118888025
7500000,3559803
3000000,5100863
2500000,23014021
45000000,170327930
10000000,16084310
8500000,23311425
47500000,18329653
144000000,229034050
5000000,13099931
185000000,336398312
105000000,403841637
5000000,148868835
3000000,4417983
20000000,61680792
120000000,416197059
20000000,181457297
135000000,532950503
10000000,40055439
3500000,182695
30000000,1769316
29000000,78652395
1000000,354836
75000000,875958307
33000000,75909673
95000000,88725100
55000000,74545591
50000000,83034523
20000000,4754517
10000000,158185073
9000000,2000093
60000000,238552082
10000000,30629507
10000000,150191
45000000,91342494
20000000,433574208
50000000,34301950
35000000,203555567
10000000,37493221
90000000,159762983
70000000,174102281
11900000,24041617
156000000,113611666
110000000,296642834
160000000,433125655
90000000,328675540
40000000,311270008
17000000,5653176
40000000,153060045
10000000,23591043
2100000,3330
60000000,160038407
20000000,73206343
9000000,81831866
1500000,55800987
1500000,2082980
75000000,219572877
35000000,28721408
16800000,7313697
13000000,34916128
5000000,108286422
5000000,9669521
1000000,63014
47000000,203178872
40000000,25863458
40000000,1079040
17000000,42141196
10000000,8457974
180000000,803798342
22500000,30719170
16000000,6248077
9000000,18802255
8500000,75740479
8000000,8370555
150000000,639537208
26700000,3871448
18000000,5823540
12000000,145712897
77500000,90905178
58000000,801029249
50000000,55348693
37000000,99595932
65000000,137768975
29000000,44267641
19000000,140428314
12000000,37584304
200000000,1050988488
36000000,85315070
125000000,240497948
110000000,302211243
75000000,627886287
40000000,44383030
46500000,16149791
38000000,117523786
65000000,21778555
25000000,229518131
4400000,9969237
125000000,61681268
7400000,25863405
85000000,345114933
15000000,18301418
5000000,276841585
40000000,307353906
25000000,189922583
27000,3547
6840000,22273
150000000,785964691
38000000,87098466
150000000,331775766
25000000,40287017
15000000,4892
60000000,20830546
29200000,5278519
21000000,606162
5000000,251359904
25000000,82991460
2000000,35312
127000000,615577068
160000000,1260122363
18000000,42067430
5000000,10744134
120000000,140845191
58000000,100993260
25000000,23190697
125000000,492557218
110000000,167918847
250000000,1237444462
36000000,1480089
90000000,10020889
12000000,15668012
10000000,3565109
30000000,184075552
20000000,43326383
18000000,33907844
200000000,858470006
23000000,58807172
22000000,35409686
10000000,45921140
60000000,169740988
230000000,776037086
43000000,45095823
45000000,54855235
20000000,41015970
217000000,568923844
34000000,139359078
75000000,823755831
40000000,30576502
1100000,27561
60000000,197242826
24000000,78714211
175000000,638087983
152000000,225986078
12000000,19379463
180000000,52573132
150000000,235907054
28000000,69290699
50000000,27366288
30000000,23095325
1000000,130874
30000000,48048527
4000000,36630
195000000,397644453
5000000,17250101
80000000,310940997
55000000,376856949
40000000,166893990
185000000,561137727
175000000,140012608
42000000,57850343
